{   "name": "example_platform",
    "initializers": [
        "initializeMyStuff",
        "initializeOtherStuff"
    ],
    "extra_sources": [
        "handlers.cpp"
    ],
    "loopers": [
        "myLooper"
    ],
    "buses": {
        "hs": {
            "controller": 1,
            "speed": 500000
        }
    },
    "commands": [
        { "name": "turn_signal_status",
            "handler": "handleTurnSignalCommand"
        }
    ],
    "mappings": [
        {"mapping": "mapped_signals.json",
            "bus": "hs"}
    ]
}
